fb,tb,ratio_a,ratio_b,ratio_c,phases,tap_a,tap_b,tap_c
1,2,1.0375000000000005,1.0375000000000005,1.0375000000000005,abc,6.000000000000085,6.000000000000085,6.000000000000085
68,69,1.0,1.0,1.0,abc,0.0,0.0,0.0
70,71,1.0500000000000007,1.0125000000000002,1.0312500000000004,abc,8.000000000000114,2.0000000000000284,5.000000000000071
108,109,1.0125000000000002,1.0,1.0,ac,2.0000000000000284,0.0,0.0
124,125,1.0,1.0,1.0,a,0.0,0.0,0.0
